{
  "Dummy": {
    "accuracy": 0.6766666666666666,
    "f1_score": 0.0,
    "roc_auc": 0.5
  },
  "LogisticRegression": {
    "accuracy": 0.8275,
    "f1_score": 0.7076271186440678,
    "roc_auc": 0.8746905312071505
  },
  "DecisionTree": {
    "accuracy": 0.875,
    "f1_score": 0.8036649214659686,
    "roc_auc": 0.9111935655883397
  },
  "RandomForest": {
    "accuracy": 0.9225,
    "f1_score": 0.873641304347826,
    "roc_auc": 0.965114931948606
  },
  "AdaBoost": {
    "accuracy": 0.83625,
    "f1_score": 0.7234342012667135,
    "roc_auc": 0.899413516962064
  }
}