{
  "S07-hw-dataset-01.csv": {
    "KMeans": {
      "silhouette": 0.5216395622404242,
      "davies_bouldin": 0.6853295219054459,
      "calinski_harabasz": 11786.95462267153,
      "n_clusters": 2,
      "inertia": 48425.906976593986
    },
    "DBSCAN": {
      "silhouette": 0.3953852076613438,
      "davies_bouldin": 1.1834483229526016,
      "calinski_harabasz": 8646.072568463878,
      "noise_ratio": 0.08,
      "n_noise": 960,
      "n_clusters": 5
    }
  },
  "S07-hw-dataset-02.csv": {
    "KMeans": {
      "silhouette": 0.3068610017701601,
      "davies_bouldin": 1.3234721699867644,
      "calinski_harabasz": 3573.3933329348392,
      "n_clusters": 2,
      "inertia": 16588.501032295582
    },
    "AgglomerativeClustering": {
      "silhouette": 0.5213161442555723,
      "davies_bouldin": 0.34186056281280663,
      "calinski_harabasz": 7.184330110542804,
      "n_clusters": 2
    }
  },
  "S07-hw-dataset-03.csv": {
    "KMeans": {
      "silhouette": 0.31554470037825183,
      "davies_bouldin": 1.1577256320598661,
      "calinski_harabasz": 6957.162639510166,
      "n_clusters": 3,
      "inertia": 31123.461050187827
    },
    "DBSCAN": {
      "silhouette": 0.15750294746532023,
      "davies_bouldin": 0.8967629176085022,
      "calinski_harabasz": 1884.6935194599835,
      "noise_ratio": 0.27946666666666664,
      "n_noise": 4192,
      "n_clusters": 14
    }
  }
}